-- ===========================================================================================
-- LIFTLOGGER TEST DATA - Coach with Multiple Athletes and Complete Training Programs
-- Password for all users: "password123"
-- ===========================================================================================

-- Clear all tables (child to parent order to avoid FK constraint violations)
DELETE FROM set_sessions;
DELETE FROM exercise_session_variants;
DELETE FROM exercise_sessions;
DELETE FROM training_sessions;
DELETE FROM set_plans;
DELETE FROM exercise_plan_variants;
DELETE FROM exercise_plans;
DELETE FROM training_plans;
DELETE FROM body_weight_entries;
DELETE FROM variants;
DELETE FROM exercises;
DELETE FROM users;

-- ===========================================================================================
-- USERS
-- ===========================================================================================
-- 1 Coach + 3 Athletes
INSERT INTO users (id, email, name, password_hash, role, coach_id, created_at, updated_at, version, deleted_at)
VALUES
    -- Coach
    ('00000000-0000-0000-0000-000000000001', 'coach@example.com', 'Coach Smith', '$2a$10$aAHXQfNDDwTtQHPuML6k3.hbGwbr5jyoYNcVzoLX4slrkTPyCH206', 'COACH', NULL, NOW(), NOW(), 1, NULL),

    -- Athletes
    ('00000000-0000-0000-0000-000000000002', 'athlete1@example.com', 'John Doe', '$2a$10$aAHXQfNDDwTtQHPuML6k3.hbGwbr5jyoYNcVzoLX4slrkTPyCH206', 'ATHLETE', '00000000-0000-0000-0000-000000000001', NOW(), NOW(), 1, NULL),
    ('00000000-0000-0000-0000-000000000003', 'athlete2@example.com', 'Jane Smith', '$2a$10$aAHXQfNDDwTtQHPuML6k3.hbGwbr5jyoYNcVzoLX4slrkTPyCH206', 'ATHLETE', '00000000-0000-0000-0000-000000000001', NOW(), NOW(), 1, NULL),
    ('00000000-0000-0000-0000-000000000004', 'athlete3@example.com', 'Mike Johnson', '$2a$10$aAHXQfNDDwTtQHPuML6k3.hbGwbr5jyoYNcVzoLX4slrkTPyCH206', 'ATHLETE', '00000000-0000-0000-0000-000000000001', NOW(), NOW(), 1, NULL)
ON CONFLICT (id) DO NOTHING;

-- ===========================================================================================
-- EXERCISES (Coach-owned)
-- ===========================================================================================
INSERT INTO exercises (id, coach_id, name, description, category, created_at, updated_at, created_by, updated_by, deleted_at)
VALUES
    -- Upper Body
    ('00000000-0000-0000-0001-000000000001', '00000000-0000-0000-0000-000000000001', 'Bench Press', 'Compound upper body pressing exercise targeting chest, shoulders, and triceps', 'Upper Body', NOW(), NOW(), '00000000-0000-0000-0000-000000000001', '00000000-0000-0000-0000-000000000001', NULL),
    ('00000000-0000-0000-0001-000000000002', '00000000-0000-0000-0000-000000000001', 'Overhead Press', 'Shoulder pressing movement', 'Upper Body', NOW(), NOW(), '00000000-0000-0000-0000-000000000001', '00000000-0000-0000-0000-000000000001', NULL),
    ('00000000-0000-0000-0001-000000000003', '00000000-0000-0000-0000-000000000001', 'Pull-Up', 'Vertical pulling exercise for back and biceps', 'Upper Body', NOW(), NOW(), '00000000-0000-0000-0000-000000000001', '00000000-0000-0000-0000-000000000001', NULL),
    ('00000000-0000-0000-0001-000000000004', '00000000-0000-0000-0000-000000000001', 'Barbell Row', 'Horizontal pulling exercise', 'Upper Body', NOW(), NOW(), '00000000-0000-0000-0000-000000000001', '00000000-0000-0000-0000-000000000001', NULL),

    -- Lower Body
    ('00000000-0000-0000-0001-000000000005', '00000000-0000-0000-0000-000000000001', 'Squat', 'Compound lower body exercise targeting quadriceps, glutes, and hamstrings', 'Lower Body', NOW(), NOW(), '00000000-0000-0000-0000-000000000001', '00000000-0000-0000-0000-000000000001', NULL),
    ('00000000-0000-0000-0001-000000000006', '00000000-0000-0000-0000-000000000001', 'Deadlift', 'Full body posterior chain exercise', 'Lower Body', NOW(), NOW(), '00000000-0000-0000-0000-000000000001', '00000000-0000-0000-0000-000000000001', NULL),
    ('00000000-0000-0000-0001-000000000007', '00000000-0000-0000-0000-000000000001', 'Leg Press', 'Machine-based quad dominant exercise', 'Lower Body', NOW(), NOW(), '00000000-0000-0000-0000-000000000001', '00000000-0000-0000-0000-000000000001', NULL),
    ('00000000-0000-0000-0001-000000000008', '00000000-0000-0000-0000-000000000001', 'Romanian Deadlift', 'Hip hinge exercise emphasizing hamstrings', 'Lower Body', NOW(), NOW(), '00000000-0000-0000-0000-000000000001', '00000000-0000-0000-0000-000000000001', NULL),

    -- Accessories
    ('00000000-0000-0000-0001-000000000009', '00000000-0000-0000-0000-000000000001', 'Bicep Curl', 'Isolation exercise for biceps', 'Arms', NOW(), NOW(), '00000000-0000-0000-0000-000000000001', '00000000-0000-0000-0000-000000000001', NULL),
    ('00000000-0000-0000-0001-000000000010', '00000000-0000-0000-0000-000000000001', 'Tricep Extension', 'Isolation exercise for triceps', 'Arms', NOW(), NOW(), '00000000-0000-0000-0000-000000000001', '00000000-0000-0000-0000-000000000001', NULL)
ON CONFLICT (id) DO NOTHING;

-- ===========================================================================================
-- VARIANTS (Coach-owned)
-- ===========================================================================================
INSERT INTO variants (id, coach_id, name, description, created_at, updated_at, created_by, updated_by, deleted_at)
VALUES
    -- Bench Press Variants
    ('00000000-0000-0000-0002-000000000001', '00000000-0000-0000-0000-000000000001', 'Close Grip', 'Narrow hand placement emphasizing triceps', NOW(), NOW(), '00000000-0000-0000-0000-000000000001', '00000000-0000-0000-0000-000000000001', NULL),
    ('00000000-0000-0000-0002-000000000002', '00000000-0000-0000-0000-000000000001', 'Incline', 'Angled bench targeting upper chest', NOW(), NOW(), '00000000-0000-0000-0000-000000000001', '00000000-0000-0000-0000-000000000001', NULL),
    ('00000000-0000-0000-0002-000000000003', '00000000-0000-0000-0000-000000000001', 'Decline', 'Angled bench targeting lower chest', NOW(), NOW(), '00000000-0000-0000-0000-000000000001', '00000000-0000-0000-0000-000000000001', NULL),

    -- Squat Variants
    ('00000000-0000-0000-0002-000000000004', '00000000-0000-0000-0000-000000000001', 'Front Squat', 'Bar positioned on front deltoids, emphasizing quads', NOW(), NOW(), '00000000-0000-0000-0000-000000000001', '00000000-0000-0000-0000-000000000001', NULL),
    ('00000000-0000-0000-0002-000000000005', '00000000-0000-0000-0000-000000000001', 'Box Squat', 'Squat with box for depth control', NOW(), NOW(), '00000000-0000-0000-0000-000000000001', '00000000-0000-0000-0000-000000000001', NULL),
    ('00000000-0000-0000-0002-000000000006', '00000000-0000-0000-0000-000000000001', 'Pause Squat', 'Squat with pause at bottom', NOW(), NOW(), '00000000-0000-0000-0000-000000000001', '00000000-0000-0000-0000-000000000001', NULL),

    -- Pull-Up Variants
    ('00000000-0000-0000-0002-000000000007', '00000000-0000-0000-0000-000000000001', 'Weighted', 'Pull-up with added weight', NOW(), NOW(), '00000000-0000-0000-0000-000000000001', '00000000-0000-0000-0000-000000000001', NULL),
    ('00000000-0000-0000-0002-000000000008', '00000000-0000-0000-0000-000000000001', 'Chin-Up', 'Underhand grip pull-up', NOW(), NOW(), '00000000-0000-0000-0000-000000000001', '00000000-0000-0000-0000-000000000001', NULL),

    -- Deadlift Variants
    ('00000000-0000-0000-0002-000000000009', '00000000-0000-0000-0000-000000000001', 'Sumo', 'Wide stance deadlift variation', NOW(), NOW(), '00000000-0000-0000-0000-000000000001', '00000000-0000-0000-0000-000000000001', NULL),
    ('00000000-0000-0000-0002-000000000010', '00000000-0000-0000-0000-000000000001', 'Deficit', 'Deadlift from elevated platform', NOW(), NOW(), '00000000-0000-0000-0000-000000000001', '00000000-0000-0000-0000-000000000001', NULL)
ON CONFLICT (id) DO NOTHING;

-- ===========================================================================================
-- TRAINING PLANS - Athlete 1 (John Doe)
-- ===========================================================================================
INSERT INTO training_plans (id, athlete_id, name, date, is_locked, created_at, updated_at, created_by, updated_by, deleted_at)
VALUES
    ('00000000-0000-0000-0003-000000000001', '00000000-0000-0000-0000-000000000002', 'Upper Body - Week 1', '2026-02-03', false, NOW(), NOW(), '00000000-0000-0000-0000-000000000001', '00000000-0000-0000-0000-000000000001', NULL),
    ('00000000-0000-0000-0003-000000000002', '00000000-0000-0000-0000-000000000002', 'Lower Body - Week 1', '2026-02-05', false, NOW(), NOW(), '00000000-0000-0000-0000-000000000001', '00000000-0000-0000-0000-000000000001', NULL)
ON CONFLICT (id) DO NOTHING;

-- Exercise Plans for Upper Body
INSERT INTO exercise_plans (id, athlete_id, training_plan_id, exercise_id, order_index, notes, created_at, updated_at, created_by, updated_by, deleted_at)
VALUES
    ('00000000-0000-0000-0004-000000000001', '00000000-0000-0000-0000-000000000002', '00000000-0000-0000-0003-000000000001', '00000000-0000-0000-0001-000000000001', 0, 'Focus on form and control', NOW(), NOW(), '00000000-0000-0000-0000-000000000001', '00000000-0000-0000-0000-000000000001', NULL),
    ('00000000-0000-0000-0004-000000000002', '00000000-0000-0000-0000-000000000002', '00000000-0000-0000-0003-000000000001', '00000000-0000-0000-0001-000000000002', 1, NULL, NOW(), NOW(), '00000000-0000-0000-0000-000000000001', '00000000-0000-0000-0000-000000000001', NULL),
    ('00000000-0000-0000-0004-000000000003', '00000000-0000-0000-0000-000000000002', '00000000-0000-0000-0003-000000000001', '00000000-0000-0000-0001-000000000003', 2, NULL, NOW(), NOW(), '00000000-0000-0000-0000-000000000001', '00000000-0000-0000-0000-000000000001', NULL),
    ('00000000-0000-0000-0004-000000000004', '00000000-0000-0000-0000-000000000002', '00000000-0000-0000-0003-000000000001', '00000000-0000-0000-0001-000000000009', 3, NULL, NOW(), NOW(), '00000000-0000-0000-0000-000000000001', '00000000-0000-0000-0000-000000000001', NULL)
ON CONFLICT (id) DO NOTHING;

-- Exercise Plans for Lower Body
INSERT INTO exercise_plans (id, athlete_id, training_plan_id, exercise_id, order_index, notes, created_at, updated_at, created_by, updated_by, deleted_at)
VALUES
    ('00000000-0000-0000-0004-000000000005', '00000000-0000-0000-0000-000000000002', '00000000-0000-0000-0003-000000000002', '00000000-0000-0000-0001-000000000005', 0, 'Work on depth', NOW(), NOW(), '00000000-0000-0000-0000-000000000001', '00000000-0000-0000-0000-000000000001', NULL),
    ('00000000-0000-0000-0004-000000000006', '00000000-0000-0000-0000-000000000002', '00000000-0000-0000-0003-000000000002', '00000000-0000-0000-0001-000000000006', 1, NULL, NOW(), NOW(), '00000000-0000-0000-0000-000000000001', '00000000-0000-0000-0000-000000000001', NULL),
    ('00000000-0000-0000-0004-000000000007', '00000000-0000-0000-0000-000000000002', '00000000-0000-0000-0003-000000000002', '00000000-0000-0000-0001-000000000007', 2, NULL, NOW(), NOW(), '00000000-0000-0000-0000-000000000001', '00000000-0000-0000-0000-000000000001', NULL)
ON CONFLICT (id) DO NOTHING;

-- Exercise Plan Variants
INSERT INTO exercise_plan_variants (id, athlete_id, exercise_plan_id, variant_id, created_at, updated_at, created_by, updated_by, deleted_at)
VALUES
    ('00000000-0000-0000-000a-000000000001', '00000000-0000-0000-0000-000000000002', '00000000-0000-0000-0004-000000000001', '00000000-0000-0000-0002-000000000002', NOW(), NOW(), '00000000-0000-0000-0000-000000000001', '00000000-0000-0000-0000-000000000001', NULL), -- Incline Bench
    ('00000000-0000-0000-000a-000000000002', '00000000-0000-0000-0000-000000000002', '00000000-0000-0000-0004-000000000003', '00000000-0000-0000-0002-000000000007', NOW(), NOW(), '00000000-0000-0000-0000-000000000001', '00000000-0000-0000-0000-000000000001', NULL), -- Weighted Pull-Up
    ('00000000-0000-0000-000a-000000000003', '00000000-0000-0000-0000-000000000002', '00000000-0000-0000-0004-000000000005', '00000000-0000-0000-0002-000000000004', NOW(), NOW(), '00000000-0000-0000-0000-000000000001', '00000000-0000-0000-0000-000000000001', NULL)  -- Front Squat
ON CONFLICT (id) DO NOTHING;

-- Set Plans for Upper Body
INSERT INTO set_plans (id, athlete_id, exercise_plan_id, set_number, target_reps, target_weight, target_rpe, notes, created_at, updated_at, created_by, updated_by, deleted_at)
VALUES
    -- Bench Press (Incline)
    ('00000000-0000-0000-0005-000000000001', '00000000-0000-0000-0000-000000000002', '00000000-0000-0000-0004-000000000001', 1, 10, 80.0, 7.0, NULL, NOW(), NOW(), '00000000-0000-0000-0000-000000000001', '00000000-0000-0000-0000-000000000001', NULL),
    ('00000000-0000-0000-0005-000000000002', '00000000-0000-0000-0000-000000000002', '00000000-0000-0000-0004-000000000001', 2, 8, 90.0, 8.0, NULL, NOW(), NOW(), '00000000-0000-0000-0000-000000000001', '00000000-0000-0000-0000-000000000001', NULL),
    ('00000000-0000-0000-0005-000000000003', '00000000-0000-0000-0000-000000000002', '00000000-0000-0000-0004-000000000001', 3, 6, 95.0, 9.0, NULL, NOW(), NOW(), '00000000-0000-0000-0000-000000000001', '00000000-0000-0000-0000-000000000001', NULL),

    -- Overhead Press
    ('00000000-0000-0000-0005-000000000004', '00000000-0000-0000-0000-000000000002', '00000000-0000-0000-0004-000000000002', 1, 8, 50.0, 7.5, NULL, NOW(), NOW(), '00000000-0000-0000-0000-000000000001', '00000000-0000-0000-0000-000000000001', NULL),
    ('00000000-0000-0000-0005-000000000005', '00000000-0000-0000-0000-000000000002', '00000000-0000-0000-0004-000000000002', 2, 6, 55.0, 8.5, NULL, NOW(), NOW(), '00000000-0000-0000-0000-000000000001', '00000000-0000-0000-0000-000000000001', NULL),

    -- Pull-Ups (Weighted)
    ('00000000-0000-0000-0005-000000000006', '00000000-0000-0000-0000-000000000002', '00000000-0000-0000-0004-000000000003', 1, 8, 10.0, 7.0, NULL, NOW(), NOW(), '00000000-0000-0000-0000-000000000001', '00000000-0000-0000-0000-000000000001', NULL),
    ('00000000-0000-0000-0005-000000000007', '00000000-0000-0000-0000-000000000002', '00000000-0000-0000-0004-000000000003', 2, 6, 15.0, 8.0, NULL, NOW(), NOW(), '00000000-0000-0000-0000-000000000001', '00000000-0000-0000-0000-000000000001', NULL),

    -- Bicep Curls
    ('00000000-0000-0000-0005-000000000008', '00000000-0000-0000-0000-000000000002', '00000000-0000-0000-0004-000000000004', 1, 12, 15.0, 7.0, NULL, NOW(), NOW(), '00000000-0000-0000-0000-000000000001', '00000000-0000-0000-0000-000000000001', NULL),
    ('00000000-0000-0000-0005-000000000009', '00000000-0000-0000-0000-000000000002', '00000000-0000-0000-0004-000000000004', 2, 12, 15.0, 8.0, NULL, NOW(), NOW(), '00000000-0000-0000-0000-000000000001', '00000000-0000-0000-0000-000000000001', NULL)
ON CONFLICT (id) DO NOTHING;

-- Set Plans for Lower Body
INSERT INTO set_plans (id, athlete_id, exercise_plan_id, set_number, target_reps, target_weight, target_rpe, notes, created_at, updated_at, created_by, updated_by, deleted_at)
VALUES
    -- Front Squat
    ('00000000-0000-0000-0005-000000000010', '00000000-0000-0000-0000-000000000002', '00000000-0000-0000-0004-000000000005', 1, 10, 100.0, 7.0, NULL, NOW(), NOW(), '00000000-0000-0000-0000-000000000001', '00000000-0000-0000-0000-000000000001', NULL),
    ('00000000-0000-0000-0005-000000000011', '00000000-0000-0000-0000-000000000002', '00000000-0000-0000-0004-000000000005', 2, 8, 110.0, 8.0, NULL, NOW(), NOW(), '00000000-0000-0000-0000-000000000001', '00000000-0000-0000-0000-000000000001', NULL),
    ('00000000-0000-0000-0005-000000000012', '00000000-0000-0000-0000-000000000002', '00000000-0000-0000-0004-000000000005', 3, 6, 115.0, 9.0, NULL, NOW(), NOW(), '00000000-0000-0000-0000-000000000001', '00000000-0000-0000-0000-000000000001', NULL),

    -- Deadlift
    ('00000000-0000-0000-0005-000000000013', '00000000-0000-0000-0000-000000000002', '00000000-0000-0000-0004-000000000006', 1, 5, 140.0, 8.0, NULL, NOW(), NOW(), '00000000-0000-0000-0000-000000000001', '00000000-0000-0000-0000-000000000001', NULL),
    ('00000000-0000-0000-0005-000000000014', '00000000-0000-0000-0000-000000000002', '00000000-0000-0000-0004-000000000006', 2, 3, 150.0, 9.0, NULL, NOW(), NOW(), '00000000-0000-0000-0000-000000000001', '00000000-0000-0000-0000-000000000001', NULL),

    -- Leg Press
    ('00000000-0000-0000-0005-000000000015', '00000000-0000-0000-0000-000000000002', '00000000-0000-0000-0004-000000000007', 1, 12, 180.0, 7.5, NULL, NOW(), NOW(), '00000000-0000-0000-0000-000000000001', '00000000-0000-0000-0000-000000000001', NULL),
    ('00000000-0000-0000-0005-000000000016', '00000000-0000-0000-0000-000000000002', '00000000-0000-0000-0004-000000000007', 2, 10, 200.0, 8.5, NULL, NOW(), NOW(), '00000000-0000-0000-0000-000000000001', '00000000-0000-0000-0000-000000000001', NULL)
ON CONFLICT (id) DO NOTHING;

-- ===========================================================================================
-- TRAINING SESSIONS - Athlete 1 (John Doe) - COMPLETED WORKOUTS
-- ===========================================================================================
INSERT INTO training_sessions (id, athlete_id, training_plan_id, session_date, notes, created_at, updated_at, created_by, updated_by, deleted_at)
VALUES
    ('00000000-0000-0000-0006-000000000001', '00000000-0000-0000-0000-000000000002', '00000000-0000-0000-0003-000000000001', '2026-02-03 10:00:00', 'Great upper body session!', NOW(), NOW(), '00000000-0000-0000-0000-000000000002', '00000000-0000-0000-0000-000000000002', NULL),
    ('00000000-0000-0000-0006-000000000002', '00000000-0000-0000-0000-000000000002', '00000000-0000-0000-0003-000000000002', '2026-02-05 14:30:00', 'Strong deadlifts today', NOW(), NOW(), '00000000-0000-0000-0000-000000000002', '00000000-0000-0000-0000-000000000002', NULL)
ON CONFLICT (id) DO NOTHING;

-- Exercise Sessions for Upper Body
INSERT INTO exercise_sessions (id, athlete_id, training_session_id, exercise_plan_id, exercise_id, order_index, notes, created_at, updated_at, created_by, updated_by, deleted_at)
VALUES
    ('00000000-0000-0000-0007-000000000001', '00000000-0000-0000-0000-000000000002', '00000000-0000-0000-0006-000000000001', '00000000-0000-0000-0004-000000000001', '00000000-0000-0000-0001-000000000001', 0, 'Incline felt good', NOW(), NOW(), '00000000-0000-0000-0000-000000000002', '00000000-0000-0000-0000-000000000002', NULL),
    ('00000000-0000-0000-0007-000000000002', '00000000-0000-0000-0000-000000000002', '00000000-0000-0000-0006-000000000001', '00000000-0000-0000-0004-000000000002', '00000000-0000-0000-0001-000000000002', 1, NULL, NOW(), NOW(), '00000000-0000-0000-0000-000000000002', '00000000-0000-0000-0000-000000000002', NULL),
    ('00000000-0000-0000-0007-000000000003', '00000000-0000-0000-0000-000000000002', '00000000-0000-0000-0006-000000000001', '00000000-0000-0000-0004-000000000003', '00000000-0000-0000-0001-000000000003', 2, NULL, NOW(), NOW(), '00000000-0000-0000-0000-000000000002', '00000000-0000-0000-0000-000000000002', NULL),
    ('00000000-0000-0000-0007-000000000004', '00000000-0000-0000-0000-000000000002', '00000000-0000-0000-0006-000000000001', '00000000-0000-0000-0004-000000000004', '00000000-0000-0000-0001-000000000009', 3, NULL, NOW(), NOW(), '00000000-0000-0000-0000-000000000002', '00000000-0000-0000-0000-000000000002', NULL)
ON CONFLICT (id) DO NOTHING;

-- Exercise Sessions for Lower Body
INSERT INTO exercise_sessions (id, athlete_id, training_session_id, exercise_plan_id, exercise_id, order_index, notes, created_at, updated_at, created_by, updated_by, deleted_at)
VALUES
    ('00000000-0000-0000-0007-000000000005', '00000000-0000-0000-0000-000000000002', '00000000-0000-0000-0006-000000000002', '00000000-0000-0000-0004-000000000005', '00000000-0000-0000-0001-000000000005', 0, 'Good depth on all reps', NOW(), NOW(), '00000000-0000-0000-0000-000000000002', '00000000-0000-0000-0000-000000000002', NULL),
    ('00000000-0000-0000-0007-000000000006', '00000000-0000-0000-0000-000000000002', '00000000-0000-0000-0006-000000000002', '00000000-0000-0000-0004-000000000006', '00000000-0000-0000-0001-000000000006', 1, NULL, NOW(), NOW(), '00000000-0000-0000-0000-000000000002', '00000000-0000-0000-0000-000000000002', NULL),
    ('00000000-0000-0000-0007-000000000007', '00000000-0000-0000-0000-000000000002', '00000000-0000-0000-0006-000000000002', '00000000-0000-0000-0004-000000000007', '00000000-0000-0000-0001-000000000007', 2, NULL, NOW(), NOW(), '00000000-0000-0000-0000-000000000002', '00000000-0000-0000-0000-000000000002', NULL)
ON CONFLICT (id) DO NOTHING;

-- Exercise Session Variants
INSERT INTO exercise_session_variants (id, athlete_id, exercise_session_id, variant_id, created_at, updated_at, created_by, updated_by, deleted_at)
VALUES
    ('00000000-0000-0000-000b-000000000001', '00000000-0000-0000-0000-000000000002', '00000000-0000-0000-0007-000000000001', '00000000-0000-0000-0002-000000000002', NOW(), NOW(), '00000000-0000-0000-0000-000000000002', '00000000-0000-0000-0000-000000000002', NULL), -- Incline Bench
    ('00000000-0000-0000-000b-000000000002', '00000000-0000-0000-0000-000000000002', '00000000-0000-0000-0007-000000000003', '00000000-0000-0000-0002-000000000007', NOW(), NOW(), '00000000-0000-0000-0000-000000000002', '00000000-0000-0000-0000-000000000002', NULL), -- Weighted Pull-Up
    ('00000000-0000-0000-000b-000000000003', '00000000-0000-0000-0000-000000000002', '00000000-0000-0000-0007-000000000005', '00000000-0000-0000-0002-000000000004', NOW(), NOW(), '00000000-0000-0000-0000-000000000002', '00000000-0000-0000-0000-000000000002', NULL)  -- Front Squat
ON CONFLICT (id) DO NOTHING;

-- Set Sessions for Upper Body
INSERT INTO set_sessions (id, athlete_id, exercise_session_id, set_plan_id, set_number, actual_reps, actual_weight, actual_rpe, notes, created_at, updated_at, created_by, updated_by, deleted_at)
VALUES
    -- Incline Bench
    ('00000000-0000-0000-0008-000000000001', '00000000-0000-0000-0000-000000000002', '00000000-0000-0000-0007-000000000001', '00000000-0000-0000-0005-000000000001', 1, 10, 80.0, 7.0, 'Felt smooth', NOW(), NOW(), '00000000-0000-0000-0000-000000000002', '00000000-0000-0000-0000-000000000002', NULL),
    ('00000000-0000-0000-0008-000000000002', '00000000-0000-0000-0000-000000000002', '00000000-0000-0000-0007-000000000001', '00000000-0000-0000-0005-000000000002', 2, 8, 90.0, 8.0, NULL, NOW(), NOW(), '00000000-0000-0000-0000-000000000002', '00000000-0000-0000-0000-000000000002', NULL),
    ('00000000-0000-0000-0008-000000000003', '00000000-0000-0000-0000-000000000002', '00000000-0000-0000-0007-000000000001', '00000000-0000-0000-0005-000000000003', 3, 6, 95.0, 9.5, 'Very challenging', NOW(), NOW(), '00000000-0000-0000-0000-000000000002', '00000000-0000-0000-0000-000000000002', NULL),

    -- Overhead Press
    ('00000000-0000-0000-0008-000000000004', '00000000-0000-0000-0000-000000000002', '00000000-0000-0000-0007-000000000002', '00000000-0000-0000-0005-000000000004', 1, 8, 50.0, 7.5, NULL, NOW(), NOW(), '00000000-0000-0000-0000-000000000002', '00000000-0000-0000-0000-000000000002', NULL),
    ('00000000-0000-0000-0008-000000000005', '00000000-0000-0000-0000-000000000002', '00000000-0000-0000-0007-000000000002', '00000000-0000-0000-0005-000000000005', 2, 7, 52.5, 8.5, 'Added 2.5kg', NOW(), NOW(), '00000000-0000-0000-0000-000000000002', '00000000-0000-0000-0000-000000000002', NULL),

    -- Weighted Pull-Ups
    ('00000000-0000-0000-0008-000000000006', '00000000-0000-0000-0000-000000000002', '00000000-0000-0000-0007-000000000003', '00000000-0000-0000-0005-000000000006', 1, 8, 10.0, 7.0, NULL, NOW(), NOW(), '00000000-0000-0000-0000-000000000002', '00000000-0000-0000-0000-000000000002', NULL),
    ('00000000-0000-0000-0008-000000000007', '00000000-0000-0000-0000-000000000002', '00000000-0000-0000-0007-000000000003', '00000000-0000-0000-0005-000000000007', 2, 6, 15.0, 8.5, NULL, NOW(), NOW(), '00000000-0000-0000-0000-000000000002', '00000000-0000-0000-0000-000000000002', NULL),

    -- Bicep Curls
    ('00000000-0000-0000-0008-000000000008', '00000000-0000-0000-0000-000000000002', '00000000-0000-0000-0007-000000000004', '00000000-0000-0000-0005-000000000008', 1, 12, 15.0, 7.0, NULL, NOW(), NOW(), '00000000-0000-0000-0000-000000000002', '00000000-0000-0000-0000-000000000002', NULL),
    ('00000000-0000-0000-0008-000000000009', '00000000-0000-0000-0000-000000000002', '00000000-0000-0000-0007-000000000004', '00000000-0000-0000-0005-000000000009', 2, 12, 15.0, 8.0, 'Great pump', NOW(), NOW(), '00000000-0000-0000-0000-000000000002', '00000000-0000-0000-0000-000000000002', NULL)
ON CONFLICT (id) DO NOTHING;

-- Set Sessions for Lower Body
INSERT INTO set_sessions (id, athlete_id, exercise_session_id, set_plan_id, set_number, actual_reps, actual_weight, actual_rpe, notes, created_at, updated_at, created_by, updated_by, deleted_at)
VALUES
    -- Front Squat
    ('00000000-0000-0000-0008-000000000010', '00000000-0000-0000-0000-000000000002', '00000000-0000-0000-0007-000000000005', '00000000-0000-0000-0005-000000000010', 1, 10, 100.0, 7.0, NULL, NOW(), NOW(), '00000000-0000-0000-0000-000000000002', '00000000-0000-0000-0000-000000000002', NULL),
    ('00000000-0000-0000-0008-000000000011', '00000000-0000-0000-0000-000000000002', '00000000-0000-0000-0007-000000000005', '00000000-0000-0000-0005-000000000011', 2, 8, 110.0, 8.0, NULL, NOW(), NOW(), '00000000-0000-0000-0000-000000000002', '00000000-0000-0000-0000-000000000002', NULL),
    ('00000000-0000-0000-0008-000000000012', '00000000-0000-0000-0000-000000000002', '00000000-0000-0000-0007-000000000005', '00000000-0000-0000-0005-000000000012', 3, 7, 112.5, 9.0, 'Had to drop weight slightly', NOW(), NOW(), '00000000-0000-0000-0000-000000000002', '00000000-0000-0000-0000-000000000002', NULL),

    -- Deadlift
    ('00000000-0000-0000-0008-000000000013', '00000000-0000-0000-0000-000000000002', '00000000-0000-0000-0007-000000000006', '00000000-0000-0000-0005-000000000013', 1, 5, 140.0, 8.0, 'Solid pulls', NOW(), NOW(), '00000000-0000-0000-0000-000000000002', '00000000-0000-0000-0000-000000000002', NULL),
    ('00000000-0000-0000-0008-000000000014', '00000000-0000-0000-0000-000000000002', '00000000-0000-0000-0007-000000000006', '00000000-0000-0000-0005-000000000014', 2, 3, 150.0, 9.5, 'PR!', NOW(), NOW(), '00000000-0000-0000-0000-000000000002', '00000000-0000-0000-0000-000000000002', NULL),

    -- Leg Press
    ('00000000-0000-0000-0008-000000000015', '00000000-0000-0000-0000-000000000002', '00000000-0000-0000-0007-000000000007', '00000000-0000-0000-0005-000000000015', 1, 12, 180.0, 7.5, NULL, NOW(), NOW(), '00000000-0000-0000-0000-000000000002', '00000000-0000-0000-0000-000000000002', NULL),
    ('00000000-0000-0000-0008-000000000016', '00000000-0000-0000-0000-000000000002', '00000000-0000-0000-0007-000000000007', '00000000-0000-0000-0005-000000000016', 2, 10, 200.0, 8.5, NULL, NOW(), NOW(), '00000000-0000-0000-0000-000000000002', '00000000-0000-0000-0000-000000000002', NULL)
ON CONFLICT (id) DO NOTHING;

-- ===========================================================================================
-- BODY WEIGHT ENTRIES - Multiple Athletes
-- ===========================================================================================
INSERT INTO body_weight_entries (id, athlete_id, measurement_date, weight, notes, created_at, updated_at, created_by, updated_by, deleted_at)
VALUES
    -- Athlete 1 (John Doe)
    ('00000000-0000-0000-0009-000000000001', '00000000-0000-0000-0000-000000000002', '2026-02-01 08:00:00', 82.5, 'Starting weight', NOW(), NOW(), '00000000-0000-0000-0000-000000000002', '00000000-0000-0000-0000-000000000002', NULL),
    ('00000000-0000-0000-0009-000000000002', '00000000-0000-0000-0000-000000000002', '2026-02-08 08:00:00', 82.8, NULL, NOW(), NOW(), '00000000-0000-0000-0000-000000000002', '00000000-0000-0000-0000-000000000002', NULL),
    ('00000000-0000-0000-0009-000000000003', '00000000-0000-0000-0000-000000000002', '2026-02-15 08:00:00', 83.1, 'Slowly gaining', NOW(), NOW(), '00000000-0000-0000-0000-000000000002', '00000000-0000-0000-0000-000000000002', NULL),

    -- Athlete 2 (Jane Smith)
    ('00000000-0000-0000-0009-000000000004', '00000000-0000-0000-0000-000000000003', '2026-02-01 09:00:00', 65.2, NULL, NOW(), NOW(), '00000000-0000-0000-0000-000000000003', '00000000-0000-0000-0000-000000000003', NULL),
    ('00000000-0000-0000-0009-000000000005', '00000000-0000-0000-0000-000000000003', '2026-02-08 09:00:00', 65.0, NULL, NOW(), NOW(), '00000000-0000-0000-0000-000000000003', '00000000-0000-0000-0000-000000000003', NULL),

    -- Athlete 3 (Mike Johnson)
    ('00000000-0000-0000-0009-000000000006', '00000000-0000-0000-0000-000000000004', '2026-02-01 07:30:00', 90.0, 'Cut phase starting', NOW(), NOW(), '00000000-0000-0000-0000-000000000004', '00000000-0000-0000-0000-000000000004', NULL),
    ('00000000-0000-0000-0009-000000000007', '00000000-0000-0000-0000-000000000004', '2026-02-08 07:30:00', 89.3, 'Good progress', NOW(), NOW(), '00000000-0000-0000-0000-000000000004', '00000000-0000-0000-0000-000000000004', NULL)
ON CONFLICT (id) DO NOTHING;

-- ===========================================================================================
-- ADDITIONAL DATA FOR ATHLETE 2 (Jane Smith) - Lower volume program
-- ===========================================================================================
INSERT INTO training_plans (id, athlete_id, name, date, is_locked, created_at, updated_at, created_by, updated_by, deleted_at)
VALUES
    ('00000000-0000-0000-0003-000000000003', '00000000-0000-0000-0000-000000000003', 'Full Body - Day 1', '2026-02-04', false, NOW(), NOW(), '00000000-0000-0000-0000-000000000001', '00000000-0000-0000-0000-000000000001', NULL)
ON CONFLICT (id) DO NOTHING;

INSERT INTO exercise_plans (id, athlete_id, training_plan_id, exercise_id, order_index, notes, created_at, updated_at, created_by, updated_by, deleted_at)
VALUES
    ('00000000-0000-0000-0004-000000000008', '00000000-0000-0000-0000-000000000003', '00000000-0000-0000-0003-000000000003', '00000000-0000-0000-0001-000000000005', 0, NULL, NOW(), NOW(), '00000000-0000-0000-0000-000000000001', '00000000-0000-0000-0000-000000000001', NULL),
    ('00000000-0000-0000-0004-000000000009', '00000000-0000-0000-0000-000000000003', '00000000-0000-0000-0003-000000000003', '00000000-0000-0000-0001-000000000001', 1, NULL, NOW(), NOW(), '00000000-0000-0000-0000-000000000001', '00000000-0000-0000-0000-000000000001', NULL),
    ('00000000-0000-0000-0004-000000000010', '00000000-0000-0000-0000-000000000003', '00000000-0000-0000-0003-000000000003', '00000000-0000-0000-0001-000000000004', 2, NULL, NOW(), NOW(), '00000000-0000-0000-0000-000000000001', '00000000-0000-0000-0000-000000000001', NULL)
ON CONFLICT (id) DO NOTHING;

INSERT INTO set_plans (id, athlete_id, exercise_plan_id, set_number, target_reps, target_weight, target_rpe, notes, created_at, updated_at, created_by, updated_by, deleted_at)
VALUES
    ('00000000-0000-0000-0005-000000000017', '00000000-0000-0000-0000-000000000003', '00000000-0000-0000-0004-000000000008', 1, 10, 60.0, 7.0, NULL, NOW(), NOW(), '00000000-0000-0000-0000-000000000001', '00000000-0000-0000-0000-000000000001', NULL),
    ('00000000-0000-0000-0005-000000000018', '00000000-0000-0000-0000-000000000003', '00000000-0000-0000-0004-000000000008', 2, 10, 60.0, 8.0, NULL, NOW(), NOW(), '00000000-0000-0000-0000-000000000001', '00000000-0000-0000-0000-000000000001', NULL),
    ('00000000-0000-0000-0005-000000000019', '00000000-0000-0000-0000-000000000003', '00000000-0000-0000-0004-000000000009', 1, 12, 40.0, 7.0, NULL, NOW(), NOW(), '00000000-0000-0000-0000-000000000001', '00000000-0000-0000-0000-000000000001', NULL),
    ('00000000-0000-0000-0005-000000000020', '00000000-0000-0000-0000-000000000003', '00000000-0000-0000-0004-000000000009', 2, 10, 45.0, 8.0, NULL, NOW(), NOW(), '00000000-0000-0000-0000-000000000001', '00000000-0000-0000-0000-000000000001', NULL),
    ('00000000-0000-0000-0005-000000000021', '00000000-0000-0000-0000-000000000003', '00000000-0000-0000-0004-000000000010', 1, 10, 50.0, 7.5, NULL, NOW(), NOW(), '00000000-0000-0000-0000-000000000001', '00000000-0000-0000-0000-000000000001', NULL),
    ('00000000-0000-0000-0005-000000000022', '00000000-0000-0000-0000-000000000003', '00000000-0000-0000-0004-000000000010', 2, 8, 55.0, 8.5, NULL, NOW(), NOW(), '00000000-0000-0000-0000-000000000001', '00000000-0000-0000-0000-000000000001', NULL)
ON CONFLICT (id) DO NOTHING;
